{
    "lstm": {
        "MAE": 0.0072003056310231805,
        "RMSE": 0.010719701326366335,
        "Accuracy": 0.5067650676506765,
        "WinRate": 0.5515970515970516
    },
    "xgboost": {
        "MAE": 0.008338778735502421,
        "RMSE": 0.011531024601107175,
        "Accuracy": 0.5055350553505535,
        "WinRate": 0.6081081081081081
    },
    "randomforest": {
        "MAE": 0.008039627026524608,
        "RMSE": 0.011109242511089412,
        "Accuracy": 0.5264452644526445,
        "WinRate": 0.7063882063882064
    },
    "ensemble": {
        "MAE": 0.00755740183435994,
        "RMSE": 0.010892564097179197,
        "Accuracy": 0.5178351783517835,
        "WinRate": 0.6326781326781327
    }
}