{
    "MAE": 43.86316414253612,
    "RMSE": 53.948460770039034,
    "MSE": 2910.436419456441
}