{
    "old_lstm": {
        "MAE": 0.0072003056310231805,
        "RMSE": 0.010719701326366335,
        "Accuracy": 0.5067650676506765,
        "WinRate": 0.5515970515970516
    }
}